Rank,Name
1,Aaron
2,Abby
3,Abdul
4,Abe
5,Abel
6,Abigail
7,Abraham
8,Abram
9,Ada
10,Adalberto
11,Adam
12,Adan
13,Addie
14,Adela
15,Adele
16,Adeline
17,Adolfo
18,Adolph
19,Adrian
20,Adrian
21,Adriana
22,Adrienne
23,Agnes
24,Agustin
25,Ahmad
26,Ahmed
27,Aida
28,Aileen
29,Aimee
30,Aisha
31,Al
32,Alan
33,Alana
34,Alba
35,Albert
36,Alberta
37,Alberto
38,Alden
39,Aldo
40,Alec
41,Alejandra
42,Alejandro
43,Alex
44,Alexander
45,Alexandra
46,Alexandria
47,Alexis
48,Alexis
49,Alfonso
50,Alfonzo
51,Alfred
52,Alfreda
53,Alfredo
54,Ali
55,Alice
56,Alicia
57,Aline
58,Alisa
59,Alisha
60,Alison
61,Alissa
62,Allan
63,Allen
64,Allie
65,Allison
66,Allyson
67,Alma
68,Alonso
69,Alonzo
70,Alphonse
71,Alphonso
72,Alta
73,Althea
74,Alton
75,Alva
76,Alvaro
77,Alvin
78,Alyce
79,Alyson
80,Alyssa
81,Amado
82,Amalia
83,Amanda
84,Amber
85,Ambrose
86,Amelia
87,Amie
88,Amos
89,Amparo
90,Amy
91,Ana
92,Anastasia
93,Anderson
94,Andre
95,Andrea
96,Andrea
97,Andreas
98,Andres
99,Andrew
100,Andy
101,Angel
102,Angel
103,Angela
104,Angelia
105,Angelica
106,Angelina
107,Angeline
108,Angelique
109,Angelita
110,Angelo
111,Angie
112,Anibal
113,Anita
114,Ann
115,Anna
116,Annabelle
117,Anne
118,Annette
119,Annie
120,Annmarie
121,Anthony
122,Antione
123,Antoine
124,Antoinette
125,Anton
126,Antone
127,Antonia
128,Antonia
129,Antonio
130,Antony
131,Antwan
132,April
133,Araceli
134,Archie
135,Arden
136,Ariel
137,Arlen
138,Arlene
139,Arlie
140,Arline
141,Armand
142,Armando
143,Arnold
144,Arnoldo
145,Arnulfo
146,Aron
147,Arron
148,Art
149,Arthur
150,Arturo
151,Asa
152,Ashlee
153,Ashley
154,Ashley
155,Aubrey
156,Audra
157,Audrey
158,August
159,Augusta
160,Augustine
161,Augustus
162,Aurelia
163,Aurelio
164,Aurora
165,Austin
166,Autumn
167,Ava
168,Avery
169,Avis
170,Barbara
171,Barbra
172,Barney
173,Barrett
174,Barry
175,Bart
176,Barton
177,Basil
178,Beatrice
179,Beatriz
180,Beau
181,Becky
182,Belinda
183,Ben
184,Benedict
185,Benita
186,Benito
187,Benjamin
188,Bennett
189,Bennie
190,Benny
191,Benton
192,Bernadette
193,Bernadine
194,Bernard
195,Bernardo
196,Bernice
197,Bernie
198,Berry
199,Bert
200,Berta
201,Bertha
202,Bertie
203,Bertram
204,Beryl
205,Bessie
206,Beth
207,Bethany
208,Betsy
209,Bette
210,Bettie
211,Betty
212,Bettye
213,Beulah
214,Beverley
215,Beverly
216,Bianca
217,Bill
218,Billie
219,Billie
220,Billy
221,Blaine
222,Blair
223,Blake
224,Blanca
225,Blanche
226,Bo
227,Bob
228,Bobbi
229,Bobbie
230,Bobbie
231,Bobby
232,Bonita
233,Bonnie
234,Booker
235,Boris
236,Boyce
237,Boyd
238,Brad
239,Bradford
240,Bradley
241,Bradly
242,Brady
243,Brain
244,Branden
245,Brandi
246,Brandie
247,Brandon
248,Brandy
249,Brant
250,Brenda
251,Brendan
252,Brendon
253,Brent
254,Brenton
255,Bret
256,Brett
257,Brian
258,Briana
259,Brianna
260,Brice
261,Bridget
262,Bridgett
263,Bridgette
264,Brigitte
265,Britney
266,Britt
267,Brittany
268,Brittney
269,Brock
270,Broderick
271,Brooke
272,Brooks
273,Bruce
274,Bruno
275,Bryan
276,Bryant
277,Bryce
278,Bryon
279,Buck
280,Bud
281,Buddy
282,Buford
283,Burl
284,Burt
285,Burton
286,Buster
287,Byron
288,Caitlin
289,Caleb
290,Callie
291,Calvin
292,Cameron
293,Camille
294,Candace
295,Candice
296,Candy
297,Cara
298,Carey
299,Carey
300,Carissa
301,Carl
302,Carla
303,Carlene
304,Carlo
305,Carlos
306,Carlton
307,Carly
308,Carmela
309,Carmella
310,Carmelo
311,Carmen
312,Carmen
313,Carmine
314,Carol
315,Carol
316,Carole
317,Carolina
318,Caroline
319,Carolyn
320,Carrie
321,Carrol
322,Carroll
323,Carson
324,Carter
325,Cary
326,Casandra
327,Casey
328,Casey
329,Cassandra
330,Cassie
331,Catalina
332,Catherine
333,Cathleen
334,Cathryn
335,Cathy
336,Cecelia
337,Cecil
338,Cecile
339,Cecilia
340,Cedric
341,Cedrick
342,Celeste
343,Celia
344,Celina
345,Cesar
346,Chad
347,Chadwick
348,Chance
349,Chandra
350,Chang
351,Charity
352,Charlene
353,Charles
354,Charley
355,Charlie
356,Charlotte
357,Charmaine
358,Chas
359,Chase
360,Chasity
361,Chauncey
362,Chelsea
363,Cheri
364,Cherie
365,Cherry
366,Cheryl
367,Chester
368,Chet
369,Chi
370,Chong
371,Chris
372,Chris
373,Christa
374,Christi
375,Christian
376,Christian
377,Christie
378,Christina
379,Christine
380,Christoper
381,Christopher
382,Christy
383,Chrystal
384,Chuck
385,Chung
386,Cindy
387,Clair
388,Claire
389,Clara
390,Clare
391,Clarence
392,Clarice
393,Clarissa
394,Clark
395,Claud
396,Claude
397,Claudette
398,Claudia
399,Claudine
400,Claudio
401,Clay
402,Clayton
403,Clement
404,Clemente
405,Cleo
406,Cleo
407,Cletus
408,Cleveland
409,Cliff
410,Clifford
411,Clifton
412,Clint
413,Clinton
414,Clyde
415,Cody
416,Colby
417,Cole
418,Coleen
419,Coleman
420,Colette
421,Colin
422,Colleen
423,Collin
424,Colton
425,Columbus
426,Concepcion
427,Concetta
428,Connie
429,Connie
430,Conrad
431,Constance
432,Consuelo
433,Cora
434,Cordell
435,Corey
436,Corina
437,Corine
438,Corinne
439,Cornelia
440,Cornelius
441,Cornell
442,Corrine
443,Cortez
444,Cory
445,Courtney
446,Courtney
447,Coy
448,Craig
449,Cristina
450,Cristobal
451,Cristopher
452,Cruz
453,Crystal
454,Curt
455,Curtis
456,Cynthia
457,Cyril
458,Cyrus
459,Daisy
460,Dale
461,Dale
462,Dallas
463,Dalton
464,Damian
465,Damien
466,Damion
467,Damon
468,Dan
469,Dana
470,Dana
471,Dane
472,Danial
473,Daniel
474,Danielle
475,Danilo
476,Dannie
477,Danny
478,Dante
479,Daphne
480,Darcy
481,Darell
482,Daren
483,Darin
484,Dario
485,Darius
486,Darla
487,Darlene
488,Darnell
489,Daron
490,Darrel
491,Darrell
492,Darren
493,Darrick
494,Darrin
495,Darron
496,Darryl
497,Darwin
498,Daryl
499,Dave
500,David
501,Davis
502,Dawn
503,Dean
504,Deana
505,Deandre
506,Deangelo
507,Deann
508,Deanna
509,Deanne
510,Debbie
511,Debora
512,Deborah
513,Debra
514,Dee
515,Dee
516,Deena
517,Deidre
518,Deirdre
519,Del
520,Delbert
521,Delia
522,Della
523,Delmar
524,Delmer
525,Delores
526,Deloris
527,Demarcus
528,Demetrius
529,Dena
530,Denis
531,Denise
532,Dennis
533,Denny
534,Denver
535,Deon
536,Derek
537,Derick
538,Derrick
539,Deshawn
540,Desiree
541,Desmond
542,Devin
543,Devon
544,Dewayne
545,Dewey
546,Dewitt
547,Dexter
548,Diana
549,Diane
550,Diann
551,Dianna
552,Dianne
553,Dick
554,Diego
555,Dillon
556,Dina
557,Dino
558,Dion
559,Dionne
560,Dirk
561,Dixie
562,Dollie
563,Dolly
564,Dolores
565,Domenic
566,Domingo
567,Dominic
568,Dominick
569,Dominique
570,Dominique
571,Don
572,Dona
573,Donald
574,Dong
575,Donn
576,Donna
577,Donnell
578,Donnie
579,Donny
580,Donovan
581,Donte
582,Dora
583,Doreen
584,Dorian
585,Doris
586,Dorothea
587,Dorothy
588,Dorsey
589,Dorthy
590,Doug
591,Douglas
592,Douglass
593,Doyle
594,Drew
595,Duane
596,Dudley
597,Duncan
598,Dustin
599,Dusty
600,Dwain
601,Dwayne
602,Dwight
603,Dylan
604,Earl
605,Earle
606,Earlene
607,Earline
608,Earnest
609,Earnestine
610,Ebony
611,Ed
612,Eddie
613,Eddie
614,Eddy
615,Edgar
616,Edgardo
617,Edison
618,Edith
619,Edmond
620,Edmund
621,Edmundo
622,Edna
623,Eduardo
624,Edward
625,Edwardo
626,Edwin
627,Edwina
628,Effie
629,Efrain
630,Efren
631,Eileen
632,Elaine
633,Elba
634,Elbert
635,Elden
636,Eldon
637,Eldridge
638,Eleanor
639,Elena
640,Eli
641,Elias
642,Elijah
643,Elinor
644,Elisa
645,Elisabeth
646,Elise
647,Eliseo
648,Elisha
649,Eliza
650,Elizabeth
651,Ella
652,Ellen
653,Elliot
654,Elliott
655,Ellis
656,Ellsworth
657,Elma
658,Elmer
659,Elmo
660,Elnora
661,Eloise
662,Eloy
663,Elroy
664,Elsa
665,Elsie
666,Elton
667,Elva
668,Elvia
669,Elvin
670,Elvira
671,Elvis
672,Elwood
673,Emanuel
674,Emerson
675,Emery
676,Emil
677,Emile
678,Emilia
679,Emilio
680,Emily
681,Emma
682,Emmanuel
683,Emmett
684,Emmitt
685,Emory
686,Enid
687,Enoch
688,Enrique
689,Erasmo
690,Eric
691,Erica
692,Erich
693,Erick
694,Ericka
695,Erik
696,Erika
697,Erin
698,Erin
699,Erma
700,Erna
701,Ernest
702,Ernestine
703,Ernesto
704,Ernie
705,Errol
706,Ervin
707,Erwin
708,Esmeralda
709,Esperanza
710,Essie
711,Esteban
712,Estela
713,Estella
714,Estelle
715,Ester
716,Esther
717,Ethan
718,Ethel
719,Etta
720,Eugene
721,Eugenia
722,Eugenio
723,Eula
724,Eunice
725,Eusebio
726,Eva
727,Evan
728,Evangelina
729,Evangeline
730,Eve
731,Evelyn
732,Everett
733,Everette
734,Ezekiel
735,Ezequiel
736,Ezra
737,Fabian
738,Faith
739,Fannie
740,Fanny
741,Faustino
742,Fausto
743,Fay
744,Faye
745,Federico
746,Felecia
747,Felicia
748,Felipe
749,Felix
750,Felton
751,Ferdinand
752,Fermin
753,Fern
754,Fernando
755,Fidel
756,Filiberto
757,Fletcher
758,Flora
759,Florence
760,Florencio
761,Florentino
762,Florine
763,Flossie
764,Floyd
765,Forest
766,Forrest
767,Foster
768,Fran
769,Frances
770,Frances
771,Francesca
772,Francesco
773,Francine
774,Francis
775,Francis
776,Francisca
777,Francisco
778,Frank
779,Frankie
780,Frankie
781,Franklin
782,Franklyn
783,Fred
784,Freda
785,Freddie
786,Freddy
787,Frederic
788,Frederick
789,Fredric
790,Fredrick
791,Freeman
792,Freida
793,Frieda
794,Fritz
795,Gabriel
796,Gabriela
797,Gabrielle
798,Gail
799,Gail
800,Gale
801,Gale
802,Galen
803,Garfield
804,Garland
805,Garret
806,Garrett
807,Garry
808,Garth
809,Gary
810,Gaston
811,Gavin
812,Gay
813,Gayle
814,Gayle
815,Gaylord
816,Gena
817,Genaro
818,Gene
819,Geneva
820,Genevieve
821,Geoffrey
822,George
823,Georgette
824,Georgia
825,Georgina
826,Gerald
827,Geraldine
828,Geraldo
829,Gerard
830,Gerardo
831,German
832,Gerry
833,Gertrude
834,Gil
835,Gilbert
836,Gilberto
837,Gilda
838,Gina
839,Ginger
840,Gino
841,Giovanni
842,Giuseppe
843,Gladys
844,Glen
845,Glenda
846,Glenn
847,Glenna
848,Gloria
849,Goldie
850,Gonzalo
851,Gordon
852,Grace
853,Gracie
854,Graciela
855,Grady
856,Graham
857,Graig
858,Grant
859,Granville
860,Greg
861,Gregg
862,Gregorio
863,Gregory
864,Greta
865,Gretchen
866,Grover
867,Guadalupe
868,Guadalupe
869,Guillermo
870,Gus
871,Gustavo
872,Guy
873,Gwen
874,Gwendolyn
875,Hai
876,Hal
877,Haley
878,Hallie
879,Hank
880,Hannah
881,Hans
882,Harlan
883,Harland
884,Harley
885,Harold
886,Harriet
887,Harriett
888,Harris
889,Harrison
890,Harry
891,Harvey
892,Hassan
893,Hattie
894,Hayden
895,Haywood
896,Hazel
897,Heath
898,Heather
899,Hector
900,Heidi
901,Helen
902,Helena
903,Helene
904,Helga
905,Henrietta
906,Henry
907,Herb
908,Herbert
909,Heriberto
910,Herman
911,Herminia
912,Herschel
913,Hershel
914,Hester
915,Hilario
916,Hilary
917,Hilda
918,Hillary
919,Hilton
920,Hipolito
921,Hiram
922,Hobert
923,Hollie
924,Hollis
925,Holly
926,Homer
927,Hong
928,Hope
929,Horace
930,Horacio
931,Hosea
932,Houston
933,Howard
934,Hoyt
935,Hubert
936,Huey
937,Hugh
938,Hugo
939,Humberto
940,Hung
941,Hunter
942,Hyman
943,Ian
944,Ida
945,Ignacio
946,Ike
947,Ila
948,Ilene
949,Imelda
950,Imogene
951,Ina
952,Ines
953,Inez
954,Ingrid
955,Ira
956,Irene
957,Iris
958,Irma
959,Irvin
960,Irving
961,Irwin
962,Isaac
963,Isabel
964,Isabella
965,Isabelle
966,Isaiah
967,Isaias
968,Isiah
969,Isidro
970,Ismael
971,Israel
972,Isreal
973,Issac
974,Iva
975,Ivan
976,Ivory
977,Ivy
978,Jacinto
979,Jack
980,Jackie
981,Jackie
982,Jacklyn
983,Jackson
984,Jaclyn
985,Jacob
986,Jacqueline
987,Jacquelyn
988,Jacques
989,Jae
990,Jaime
991,Jaime
992,Jake
993,Jamaal
994,Jamal
995,Jamar
996,Jame
997,Jamel
998,James
999,James
1000,Jamey
1001,Jami
1002,Jamie
1003,Jamie
1004,Jamison
1005,Jan
1006,Jan
1007,Jana
1008,Jane
1009,Janell
1010,Janelle
1011,Janet
1012,Janette
1013,Janice
1014,Janie
1015,Janine
1016,Janis
1017,Janna
1018,Jannie
1019,Jared
1020,Jarod
1021,Jarred
1022,Jarrett
1023,Jarrod
1024,Jarvis
1025,Jasmine
1026,Jason
1027,Jasper
1028,Javier
1029,Jay
1030,Jayne
1031,Jayson
1032,Jc
1033,Jean
1034,Jean
1035,Jeanette
1036,Jeanie
1037,Jeanine
1038,Jeanne
1039,Jeannette
1040,Jeannie
1041,Jeannine
1042,Jed
1043,Jeff
1044,Jefferey
1045,Jefferson
1046,Jeffery
1047,Jeffrey
1048,Jeffry
1049,Jenifer
1050,Jenna
1051,Jennie
1052,Jennifer
1053,Jenny
1054,Jerald
1055,Jeramy
1056,Jere
1057,Jeremiah
1058,Jeremy
1059,Jeri
1060,Jermaine
1061,Jerold
1062,Jerome
1063,Jeromy
1064,Jerrell
1065,Jerri
1066,Jerrod
1067,Jerrold
1068,Jerry
1069,Jerry
1070,Jess
1071,Jesse
1072,Jessica
1073,Jessie
1074,Jessie
1075,Jesus
1076,Jewel
1077,Jewel
1078,Jewell
1079,Jewell
1080,Jill
1081,Jillian
1082,Jim
1083,Jimmie
1084,Jimmie
1085,Jimmy
1086,Jo
1087,Joan
1088,Joan
1089,Joann
1090,Joanna
1091,Joanne
1092,Joaquin
1093,Jocelyn
1094,Jodi
1095,Jodie
1096,Jody
1097,Jody
1098,Joe
1099,Joel
1100,Joesph
1101,Joey
1102,Johanna
1103,John
1104,John
1105,Johnathan
1106,Johnathon
1107,Johnie
1108,Johnnie
1109,Johnnie
1110,Johnny
1111,Johnson
1112,Jolene
1113,Jon
1114,Jonah
1115,Jonas
1116,Jonathan
1117,Jonathon
1118,Joni
1119,Jordan
1120,Jordan
1121,Jordon
1122,Jorge
1123,Jose
1124,Josef
1125,Josefa
1126,Josefina
1127,Joseph
1128,Josephine
1129,Josh
1130,Joshua
1131,Josiah
1132,Josie
1133,Jospeh
1134,Josue
1135,Joy
1136,Joyce
1137,Juan
1138,Juana
1139,Juanita
1140,Jude
1141,Judith
1142,Judson
1143,Judy
1144,Jules
1145,Julia
1146,Julian
1147,Juliana
1148,Julianne
1149,Julie
1150,Juliet
1151,Juliette
1152,Julio
1153,Julius
1154,June
1155,Junior
1156,Justin
1157,Justine
1158,Kaitlin
1159,Kara
1160,Kareem
1161,Karen
1162,Kari
1163,Karin
1164,Karina
1165,Karl
1166,Karla
1167,Karyn
1168,Kasey
1169,Kasey
1170,Kate
1171,Katelyn
1172,Katharine
1173,Katherine
1174,Katheryn
1175,Kathie
1176,Kathleen
1177,Kathrine
1178,Kathryn
1179,Kathy
1180,Katie
1181,Katina
1182,Katrina
1183,Katy
1184,Kay
1185,Kaye
1186,Kayla
1187,Keenan
1188,Keisha
1189,Keith
1190,Kelley
1191,Kelley
1192,Kelli
1193,Kellie
1194,Kelly
1195,Kelly
1196,Kelsey
1197,Kelvin
1198,Ken
1199,Kendall
1200,Kendra
1201,Kendrick
1202,Keneth
1203,Kenneth
1204,Kennith
1205,Kenny
1206,Kent
1207,Kenton
1208,Kenya
1209,Keri
1210,Kermit
1211,Kerri
1212,Kerry
1213,Kerry
1214,Keven
1215,Kevin
1216,Kieth
1217,Kim
1218,Kim
1219,Kimberley
1220,Kimberly
1221,King
1222,Kip
1223,Kirby
1224,Kirk
1225,Kirsten
1226,Kitty
1227,Korey
1228,Kory
1229,Kraig
1230,Kris
1231,Kris
1232,Krista
1233,Kristen
1234,Kristi
1235,Kristie
1236,Kristin
1237,Kristina
1238,Kristine
1239,Kristofer
1240,Kristopher
1241,Kristy
1242,Krystal
1243,Kurt
1244,Kurtis
1245,Kyle
1246,Lacey
1247,Lacy
1248,Lacy
1249,Ladonna
1250,Lakeisha
1251,Lakisha
1252,Lamar
1253,Lamont
1254,Lana
1255,Lance
1256,Landon
1257,Lane
1258,Lanny
1259,Lara
1260,Larry
1261,Latasha
1262,Latisha
1263,Latonya
1264,Latoya
1265,Laura
1266,Laurel
1267,Lauren
1268,Lauren
1269,Laurence
1270,Lauri
1271,Laurie
1272,Lavern
1273,Laverne
1274,Laverne
1275,Lavonne
1276,Lawanda
1277,Lawerence
1278,Lawrence
1279,Lazaro
1280,Lea
1281,Leah
1282,Leandro
1283,Leann
1284,Leanna
1285,Leanne
1286,Lee
1287,Lee
1288,Leif
1289,Leigh
1290,Leigh
1291,Leila
1292,Lela
1293,Leland
1294,Lelia
1295,Lemuel
1296,Len
1297,Lena
1298,Lenard
1299,Lenny
1300,Lenora
1301,Lenore
1302,Leo
1303,Leola
1304,Leon
1305,Leona
1306,Leonard
1307,Leonardo
1308,Leonel
1309,Leonor
1310,Leopoldo
1311,Leroy
1312,Les
1313,Lesa
1314,Lesley
1315,Lesley
1316,Leslie
1317,Leslie
1318,Lessie
1319,Lester
1320,Leta
1321,Letha
1322,Leticia
1323,Letitia
1324,Levi
1325,Lewis
1326,Lidia
1327,Lila
1328,Lilia
1329,Lilian
1330,Liliana
1331,Lillian
1332,Lillie
1333,Lilly
1334,Lily
1335,Lina
1336,Lincoln
1337,Linda
1338,Lindsay
1339,Lindsay
1340,Lindsey
1341,Lindsey
1342,Lino
1343,Linwood
1344,Lionel
1345,Lisa
1346,Liz
1347,Liza
1348,Lizzie
1349,Lloyd
1350,Logan
1351,Lois
1352,Lola
1353,Lolita
1354,Lon
1355,Long
1356,Lonnie
1357,Lonny
1358,Lora
1359,Loraine
1360,Loren
1361,Lorena
1362,Lorene
1363,Lorenzo
1364,Loretta
1365,Lori
1366,Lorie
1367,Lorna
1368,Lorraine
1369,Lorrie
1370,Lottie
1371,Lou
1372,Lou
1373,Louella
1374,Louie
1375,Louis
1376,Louisa
1377,Louise
1378,Lourdes
1379,Lowell
1380,Loyd
1381,Luann
1382,Lucas
1383,Lucia
1384,Luciano
1385,Lucien
1386,Lucile
1387,Lucille
1388,Lucinda
1389,Lucio
1390,Lucius
1391,Lucy
1392,Luella
1393,Luigi
1394,Luis
1395,Luisa
1396,Luke
1397,Lula
1398,Lupe
1399,Lupe
1400,Luther
1401,Luz
1402,Lydia
1403,Lyle
1404,Lyman
1405,Lynda
1406,Lyndon
1407,Lynette
1408,Lynn
1409,Lynn
1410,Lynne
1411,Lynnette
1412,Lynwood
1413,Mabel
1414,Mable
1415,Mac
1416,Mack
1417,Madeleine
1418,Madeline
1419,Madelyn
1420,Madge
1421,Mae
1422,Magdalena
1423,Maggie
1424,Mai
1425,Major
1426,Malcolm
1427,Malcom
1428,Malik
1429,Malinda
1430,Mallory
1431,Mamie
1432,Man
1433,Mandy
1434,Manual
1435,Manuel
1436,Manuela
1437,Mara
1438,Marc
1439,Marcel
1440,Marcelino
1441,Marcella
1442,Marcellus
1443,Marcelo
1444,Marci
1445,Marcia
1446,Marcie
1447,Marco
1448,Marcos
1449,Marcus
1450,Marcy
1451,Margaret
1452,Margarita
1453,Margarito
1454,Margery
1455,Margie
1456,Margo
1457,Margret
1458,Marguerite
1459,Mari
1460,Maria
1461,Maria
1462,Marian
1463,Mariana
1464,Marianne
1465,Mariano
1466,Maribel
1467,Maricela
1468,Marie
1469,Marietta
1470,Marilyn
1471,Marina
1472,Mario
1473,Marion
1474,Marion
1475,Marisa
1476,Marisol
1477,Marissa
1478,Maritza
1479,Marjorie
1480,Mark
1481,Markus
1482,Marla
1483,Marlene
1484,Marlin
1485,Marlon
1486,Marquis
1487,Marquita
1488,Marsha
1489,Marshall
1490,Marta
1491,Martha
1492,Martin
1493,Martina
1494,Marty
1495,Marva
1496,Marvin
1497,Mary
1498,Mary
1499,Maryann
1500,Maryanne
1501,Maryellen
1502,Marylou
1503,Mason
1504,Mathew
1505,Matilda
1506,Matt
1507,Matthew
1508,Mattie
1509,Maude
1510,Maura
1511,Maureen
1512,Maurice
1513,Mauricio
1514,Mauro
1515,Mavis
1516,Max
1517,Maximo
1518,Maxine
1519,Maxwell
1520,May
1521,Maynard
1522,Mayra
1523,Mckinley
1524,Meagan
1525,Megan
1526,Meghan
1527,Mel
1528,Melanie
1529,Melba
1530,Melinda
1531,Melisa
1532,Melissa
1533,Melody
1534,Melva
1535,Melvin
1536,Mercedes
1537,Meredith
1538,Merle
1539,Merle
1540,Merlin
1541,Merrill
1542,Mervin
1543,Mia
1544,Micah
1545,Michael
1546,Michael
1547,Michal
1548,Michale
1549,Micheal
1550,Michel
1551,Michele
1552,Michelle
1553,Mickey
1554,Miguel
1555,Mike
1556,Mikel
1557,Milagros
1558,Milan
1559,Mildred
1560,Miles
1561,Milford
1562,Millard
1563,Millicent
1564,Millie
1565,Milo
1566,Milton
1567,Mindy
1568,Minerva
1569,Minh
1570,Minnie
1571,Miquel
1572,Miranda
1573,Miriam
1574,Misty
1575,Mitch
1576,Mitchel
1577,Mitchell
1578,Mitzi
1579,Modesto
1580,Mohamed
1581,Mohammad
1582,Mohammed
1583,Moises
1584,Mollie
1585,Molly
1586,Mona
1587,Monica
1588,Monique
1589,Monroe
1590,Monte
1591,Monty
1592,Morgan
1593,Morgan
1594,Morris
1595,Morton
1596,Mose
1597,Moses
1598,Moshe
1599,Muriel
1600,Murray
1601,Myles
1602,Myra
1603,Myrna
1604,Myron
1605,Myrtle
1606,Nadia
1607,Nadine
1608,Nancy
1609,Nanette
1610,Nannie
1611,Naomi
1612,Napoleon
1613,Natalia
1614,Natalie
1615,Natasha
1616,Nathan
1617,Nathanael
1618,Nathanial
1619,Nathaniel
1620,Neal
1621,Ned
1622,Neil
1623,Nelda
1624,Nell
1625,Nellie
1626,Nelson
1627,Nestor
1628,Nettie
1629,Neva
1630,Neville
1631,Newton
1632,Nicholas
1633,Nichole
1634,Nick
1635,Nickolas
1636,Nicky
1637,Nicolas
1638,Nicole
1639,Nigel
1640,Nikki
1641,Nina
1642,Nita
1643,Noah
1644,Noble
1645,Noe
1646,Noel
1647,Noelle
1648,Noemi
1649,Nola
1650,Nolan
1651,Nona
1652,Nora
1653,Norbert
1654,Norberto
1655,Noreen
1656,Norma
1657,Norman
1658,Normand
1659,Norris
1660,Numbers
1661,Octavio
1662,Odell
1663,Odessa
1664,Odis
1665,Ofelia
1666,Ola
1667,Olen
1668,Olga
1669,Olin
1670,Olive
1671,Oliver
1672,Olivia
1673,Ollie
1674,Ollie
1675,Omar
1676,Omer
1677,Opal
1678,Ophelia
1679,Ora
1680,Oren
1681,Orlando
1682,Orval
1683,Orville
1684,Oscar
1685,Osvaldo
1686,Oswaldo
1687,Otha
1688,Otis
1689,Otto
1690,Owen
1691,Pablo
1692,Paige
1693,Palmer
1694,Pam
1695,Pamela
1696,Pansy
1697,Paris
1698,Parker
1699,Pasquale
1700,Pat
1701,Pat
1702,Patrica
1703,Patrice
1704,Patricia
1705,Patricia
1706,Patrick
1707,Patsy
1708,Patti
1709,Patty
1710,Paul
1711,Paula
1712,Paulette
1713,Pauline
1714,Pearl
1715,Pearlie
1716,Pedro
1717,Peggy
1718,Penelope
1719,Penny
1720,Percy
1721,Perry
1722,Pete
1723,Peter
1724,Petra
1725,Phil
1726,Philip
1727,Phillip
1728,Phoebe
1729,Phyllis
1730,Pierre
1731,Polly
1732,Porfirio
1733,Porter
1734,Preston
1735,Prince
1736,Priscilla
1737,Queen
1738,Quentin
1739,Quincy
1740,Quinn
1741,Quintin
1742,Quinton
1743,Rachael
1744,Rachel
1745,Rachelle
1746,Rae
1747,Rafael
1748,Raleigh
1749,Ralph
1750,Ramiro
1751,Ramon
1752,Ramona
1753,Randal
1754,Randall
1755,Randell
1756,Randi
1757,Randolph
1758,Randy
1759,Raphael
1760,Raquel
1761,Rashad
1762,Raul
1763,Ray
1764,Rayford
1765,Raymon
1766,Raymond
1767,Raymundo
1768,Reba
1769,Rebecca
1770,Rebekah
1771,Reed
1772,Refugio
1773,Reggie
1774,Regina
1775,Reginald
1776,Reid
1777,Reinaldo
1778,Rena
1779,Renaldo
1780,Renato
1781,Rene
1782,Rene
1783,Renee
1784,Reuben
1785,Reva
1786,Rex
1787,Rey
1788,Reyes
1789,Reyna
1790,Reynaldo
1791,Rhea
1792,Rhett
1793,Rhoda
1794,Rhonda
1795,Ricardo
1796,Rich
1797,Richard
1798,Richie
1799,Rick
1800,Rickey
1801,Rickie
1802,Ricky
1803,Rico
1804,Rigoberto
1805,Riley
1806,Rita
1807,Rob
1808,Robbie
1809,Robbie
1810,Robby
1811,Robert
1812,Robert
1813,Roberta
1814,Roberto
1815,Robin
1816,Robin
1817,Robt
1818,Robyn
1819,Rocco
1820,Rochelle
1821,Rocky
1822,Rod
1823,Roderick
1824,Rodger
1825,Rodney
1826,Rodolfo
1827,Rodrick
1828,Rodrigo
1829,Rogelio
1830,Roger
1831,Roland
1832,Rolando
1833,Rolf
1834,Rolland
1835,Roman
1836,Romeo
1837,Ron
1838,Ronald
1839,Ronda
1840,Ronnie
1841,Ronny
1842,Roosevelt
1843,Rory
1844,Rosa
1845,Rosalie
1846,Rosalind
1847,Rosalinda
1848,Rosalyn
1849,Rosanna
1850,Rosanne
1851,Rosario
1852,Rosario
1853,Roscoe
1854,Rose
1855,Roseann
1856,Rosella
1857,Rosemarie
1858,Rosemary
1859,Rosendo
1860,Rosetta
1861,Rosie
1862,Roslyn
1863,Ross
1864,Rowena
1865,Roxanne
1866,Roxie
1867,Roy
1868,Royal
1869,Royce
1870,Ruben
1871,Rubin
1872,Ruby
1873,Rudolf
1874,Rudolph
1875,Rudy
1876,Rueben
1877,Rufus
1878,Rupert
1879,Russ
1880,Russel
1881,Russell
1882,Rusty
1883,Ruth
1884,Ruthie
1885,Ryan
1886,Sabrina
1887,Sadie
1888,Sal
1889,Sallie
1890,Sally
1891,Salvador
1892,Salvatore
1893,Sam
1894,Samantha
1895,Sammie
1896,Sammy
1897,Samual
1898,Samuel
1899,Sandra
1900,Sandy
1901,Sandy
1902,Sanford
1903,Sang
1904,Santiago
1905,Santo
1906,Santos
1907,Sara
1908,Sarah
1909,Sasha
1910,Saul
1911,Saundra
1912,Savannah
1913,Scot
1914,Scott
1915,Scottie
1916,Scotty
1917,Sean
1918,Sebastian
1919,Selena
1920,Selma
1921,Serena
1922,Sergio
1923,Seth
1924,Seymour
1925,Shad
1926,Shana
1927,Shane
1928,Shanna
1929,Shannon
1930,Shannon
1931,Shari
1932,Sharlene
1933,Sharon
1934,Sharron
1935,Shaun
1936,Shauna
1937,Shawn
1938,Shawn
1939,Shawna
1940,Shayne
1941,Sheena
1942,Sheila
1943,Shelby
1944,Shelby
1945,Sheldon
1946,Shelia
1947,Shelley
1948,Shelly
1949,Shelton
1950,Sheree
1951,Sheri
1952,Sherman
1953,Sherri
1954,Sherrie
1955,Sherry
1956,Sherwood
1957,Sheryl
1958,Shirley
1959,Shirley
1960,Shon
1961,Sid
1962,Sidney
1963,Silas
1964,Silvia
1965,Simon
1966,Simone
1967,Socorro
1968,Sofia
1969,Sol
1970,Solomon
1971,Son
1972,Sondra
1973,Sonia
1974,Sonja
1975,Sonny
1976,Sonya
1977,Sophia
1978,Sophie
1979,Spencer
1980,Stacey
1981,Stacey
1982,Staci
1983,Stacie
1984,Stacy
1985,Stacy
1986,Stan
1987,Stanford
1988,Stanley
1989,Stanton
1990,Stefan
1991,Stefanie
1992,Stella
1993,Stephan
1994,Stephanie
1995,Stephen
1996,Sterling
1997,Steve
1998,Steven
1999,Stevie
2000,Stewart
2001,Stuart
2002,Sue
2003,Summer
2004,Sung
2005,Susan
2006,Susana
2007,Susanna
2008,Susanne
2009,Susie
2010,Suzanne
2011,Suzette
2012,Sybil
2013,Sydney
2014,Sylvester
2015,Sylvia
2016,Tabatha
2017,Tabitha
2018,Tad
2019,Tamara
2020,Tameka
2021,Tamera
2022,Tami
2023,Tamika
2024,Tammi
2025,Tammie
2026,Tammy
2027,Tamra
2028,Tania
2029,Tanisha
2030,Tanner
2031,Tanya
2032,Tara
2033,Tasha
2034,Taylor
2035,Taylor
2036,Ted
2037,Teddy
2038,Teodoro
2039,Terence
2040,Teresa
2041,Teri
2042,Terra
2043,Terrance
2044,Terrell
2045,Terrence
2046,Terri
2047,Terrie
2048,Terry
2049,Terry
2050,Tessa
2051,Thad
2052,Thaddeus
2053,Thanh
2054,Thelma
2055,Theo
2056,Theodore
2057,Theresa
2058,Therese
2059,Theron
2060,Thomas
2061,Thurman
2062,Tia
2063,Tiffany
2064,Tim
2065,Timmy
2066,Timothy
2067,Tina
2068,Tisha
2069,Titus
2070,Tobias
2071,Toby
2072,Tod
2073,Todd
2074,Tom
2075,Tomas
2076,Tommie
2077,Tommie
2078,Tommy
2079,Toney
2080,Toni
2081,Tonia
2082,Tony
2083,Tonya
2084,Tory
2085,Tracey
2086,Tracey
2087,Traci
2088,Tracie
2089,Tracy
2090,Tracy
2091,Travis
2092,Trent
2093,Trenton
2094,Trevor
2095,Trey
2096,Tricia
2097,Trina
2098,Trinidad
2099,Trisha
2100,Tristan
2101,Troy
2102,Trudy
2103,Truman
2104,Tuan
2105,Twila
2106,Ty
2107,Tyler
2108,Tyree
2109,Tyrell
2110,Tyron
2111,Tyrone
2112,Tyson
2113,Ulysses
2114,Ursula
2115,Val
2116,Valarie
2117,Valentin
2118,Valentine
2119,Valeria
2120,Valerie
2121,Van
2122,Vance
2123,Vanessa
2124,Vaughn
2125,Velma
2126,Vera
2127,Vern
2128,Verna
2129,Vernon
2130,Veronica
2131,Vicente
2132,Vicki
2133,Vickie
2134,Vicky
2135,Victor
2136,Victoria
2137,Vilma
2138,Vince
2139,Vincent
2140,Vincenzo
2141,Viola
2142,Violet
2143,Virgie
2144,Virgil
2145,Virgilio
2146,Virginia
2147,Vito
2148,Vivian
2149,Von
2150,Vonda
2151,Wade
2152,Waldo
2153,Walker
2154,Wallace
2155,Wally
2156,Walter
2157,Walton
2158,Wanda
2159,Ward
2160,Warner
2161,Warren
2162,Waylon
2163,Wayne
2164,Weldon
2165,Wendell
2166,Wendi
2167,Wendy
2168,Werner
2169,Wes
2170,Wesley
2171,Weston
2172,Whitney
2173,Whitney
2174,Wilber
2175,Wilbert
2176,Wilbur
2177,Wilburn
2178,Wilda
2179,Wiley
2180,Wilford
2181,Wilfred
2182,Wilfredo
2183,Will
2184,Willa
2185,Willard
2186,William
2187,Williams
2188,Willian
2189,Willie
2190,Willie
2191,Willis
2192,Willy
2193,Wilma
2194,Wilmer
2195,Wilson
2196,Wilton
2197,Winford
2198,Winfred
2199,Winifred
2200,Winnie
2201,Winston
2202,Wm
2203,Woodrow
2204,Wyatt
2205,Xavier
2206,Yesenia
2207,Yolanda
2208,Yong
2209,Young
2210,Young
2211,Yvette
2212,Yvonne
2213,Zachariah
2214,Zachary
2215,Zachery
2216,Zack
2217,Zackary
2218,Zane
2219,Zelma
